{"lastDeploymentHandler":"com.amazonaws.lambda.demo.S3FunctionHandler","lastInvokeHandler":"com.amazonaws.lambda.demo.LambdaFunctionHandler","handlerMetadata":{"com.amazonaws.lambda.demo.LambdaFunctionHandler":{"deployment":{"regionId":"eu-central-1","awsLambdaFunctionName":"MyJavaFunction","awsIamRoleName":"lambda_basic_execution","awsS3BucketName":"lambda-function-bucket-eu-central-1-146179","memory":0,"timeout":0},"invoke":{"selectJsonFile":false,"invokeJsonFile":"/demo/src/test/resources/s3-event.put.json","selectJsonInput":true,"invokeInput":"\"random string\"","showLiveLog":true}},"com.amazonaws.lambda.demo.S3FunctionHandler":{"deployment":{"regionId":"eu-central-1","awsLambdaFunctionName":"MyS3JavaFunction","awsIamRoleName":"lambda_basic_execution_java","awsS3BucketName":"lambda-function-bucket-eu-central-1-146179","memory":0,"timeout":0},"invoke":null}},"lastInvokedHandlerDeployed":true}